adm_0_name,adm_1_name,adm_2_name,full_name,ISO_A0,FAO_GAUL_code,RNE_iso_code,IBGE_code,calendar_start_date,calendar_end_date,Year,dengue_total,case_definition_standardised,S_res,T_res,UUID,region
BRAZIL,NA,NA,BRAZIL,BRA,37,BRA,NA,2016-09-11,2016-09-17,2016,4972,Total,Admin0,Week,WHOPAHO-ALL-20142022-W01-37,PAHO
BRAZIL,NA,NA,BRAZIL,BRA,37,BRA,NA,2016-11-27,2016-12-03,2016,8074,Total,Admin0,Week,WHOPAHO-ALL-20142022-W01-48,PAHO
BRAZIL,NA,NA,BRAZIL,BRA,37,BRA,NA,2016-09-18,2016-09-24,2016,4737,Total,Admin0,Week,WHOPAHO-ALL-20142022-W01-38,PAHO
BRAZIL,NA,NA,BRAZIL,BRA,37,BRA,NA,2016-09-25,2016-10-01,2016,4535,Total,Admin0,Week,WHOPAHO-ALL-20142022-W01-39,PAHO
BRAZIL,NA,NA,BRAZIL,BRA,37,BRA,NA,2016-10-02,2016-10-08,2016,4561,Total,Admin0,Week,WHOPAHO-ALL-20142022-W01-40,PAHO
BRAZIL,NA,NA,BRAZIL,BRA,37,BRA,NA,2017-06-11,2017-06-17,2017,8417,Total,Admin0,Week,WHOPAHO-ALL-20142022-W01-24,PAHO
BRAZIL,NA,NA,BRAZIL,BRA,37,BRA,NA,2017-06-18,2017-06-24,2017,7801,Total,Admin0,Week,WHOPAHO-ALL-20142022-W01-25,PAHO
BRAZIL,NA,NA,BRAZIL,BRA,37,BRA,NA,2017-06-25,2017-07-01,2017,6596,Total,Admin0,Week,WHOPAHO-ALL-20142022-W01-26,PAHO
BRAZIL,NA,NA,BRAZIL,BRA,37,BRA,NA,2016-10-23,2016-10-29,2016,5643,Total,Admin0,Week,WHOPAHO-ALL-20142022-W01-43,PAHO
BRAZIL,NA,NA,BRAZIL,BRA,37,BRA,NA,2016-10-30,2016-11-05,2016,6070,Total,Admin0,Week,WHOPAHO-ALL-20142022-W01-44,PAHO
BRAZIL,NA,NA,BRAZIL,BRA,37,BRA,NA,2016-11-06,2016-11-12,2016,6328,Total,Admin0,Week,WHOPAHO-ALL-20142022-W01-45,PAHO
BRAZIL,NA,NA,BRAZIL,BRA,37,BRA,NA,2016-11-13,2016-11-19,2016,6801,Total,Admin0,Week,WHOPAHO-ALL-20142022-W01-46,PAHO
BRAZIL,NA,NA,BRAZIL,BRA,37,BRA,NA,2016-11-20,2016-11-26,2016,7625,Total,Admin0,Week,WHOPAHO-ALL-20142022-W01-47,PAHO
BRAZIL,NA,NA,BRAZIL,BRA,37,BRA,NA,2017-02-26,2017-03-04,2017,16580,Total,Admin0,Week,WHOPAHO-ALL-20142022-W01-09,PAHO
BRAZIL,NA,NA,BRAZIL,BRA,37,BRA,NA,2016-12-04,2016-12-10,2016,8083,Total,Admin0,Week,WHOPAHO-ALL-20142022-W01-49,PAHO
BRAZIL,NA,NA,BRAZIL,BRA,37,BRA,NA,2016-12-11,2016-12-17,2016,7450,Total,Admin0,Week,WHOPAHO-ALL-20142022-W01-50,PAHO
BRAZIL,NA,NA,BRAZIL,BRA,37,BRA,NA,2016-12-18,2016-12-24,2016,6593,Total,Admin0,Week,WHOPAHO-ALL-20142022-W01-51,PAHO
BRAZIL,NA,NA,BRAZIL,BRA,37,BRA,NA,2017-07-02,2017-07-08,2017,5266,Total,Admin0,Week,WHOPAHO-ALL-20142022-W01-27,PAHO
BRAZIL,NA,NA,BRAZIL,BRA,37,BRA,NA,2017-07-09,2017-07-15,2017,4832,Total,Admin0,Week,WHOPAHO-ALL-20142022-W01-28,PAHO
BRAZIL,NA,NA,BRAZIL,BRA,37,BRA,NA,2016-10-09,2016-10-15,2016,5221,Total,Admin0,Week,WHOPAHO-ALL-20142022-W01-41,PAHO
BRAZIL,NA,NA,BRAZIL,BRA,37,BRA,NA,2016-10-16,2016-10-22,2016,5945,Total,Admin0,Week,WHOPAHO-ALL-20142022-W01-42,PAHO
BRAZIL,NA,NA,BRAZIL,BRA,37,BRA,NA,2017-01-22,2017-01-28,2017,15414,Total,Admin0,Week,WHOPAHO-ALL-20142022-W01-04,PAHO
BRAZIL,NA,NA,BRAZIL,BRA,37,BRA,NA,2017-01-29,2017-02-04,2017,16556,Total,Admin0,Week,WHOPAHO-ALL-20142022-W01-05,PAHO
BRAZIL,NA,NA,BRAZIL,BRA,37,BRA,NA,2017-02-05,2017-02-11,2017,16810,Total,Admin0,Week,WHOPAHO-ALL-20142022-W01-06,PAHO
BRAZIL,NA,NA,BRAZIL,BRA,37,BRA,NA,2017-02-12,2017-02-18,2017,17579,Total,Admin0,Week,WHOPAHO-ALL-20142022-W01-07,PAHO
BRAZIL,NA,NA,BRAZIL,BRA,37,BRA,NA,2017-02-19,2017-02-25,2017,15063,Total,Admin0,Week,WHOPAHO-ALL-20142022-W01-08,PAHO
BRAZIL,NA,NA,BRAZIL,BRA,37,BRA,NA,2017-05-28,2017-06-03,2017,12245,Total,Admin0,Week,WHOPAHO-ALL-20142022-W01-22,PAHO
BRAZIL,NA,NA,BRAZIL,BRA,37,BRA,NA,2017-06-04,2017-06-10,2017,10521,Total,Admin0,Week,WHOPAHO-ALL-20142022-W01-23,PAHO
BRAZIL,NA,NA,BRAZIL,BRA,37,BRA,NA,2016-08-28,2016-09-03,2016,4568,Total,Admin0,Week,WHOPAHO-ALL-20142022-W01-35,PAHO
BRAZIL,NA,NA,BRAZIL,BRA,37,BRA,NA,2016-09-04,2016-09-10,2016,4518,Total,Admin0,Week,WHOPAHO-ALL-20142022-W01-36,PAHO
BRAZIL,NA,NA,BRAZIL,BRA,37,BRA,NA,2016-12-25,2016-12-31,2016,4153,Total,Admin0,Week,WHOPAHO-ALL-20142022-W01-52,PAHO
BRAZIL,NA,NA,BRAZIL,BRA,37,BRA,NA,2017-01-01,2017-01-07,2017,11969,Total,Admin0,Week,WHOPAHO-ALL-20142022-W01-01,PAHO
BRAZIL,NA,NA,BRAZIL,BRA,37,BRA,NA,2017-01-08,2017-01-14,2017,12690,Total,Admin0,Week,WHOPAHO-ALL-20142022-W01-02,PAHO
BRAZIL,NA,NA,BRAZIL,BRA,37,BRA,NA,2017-01-15,2017-01-21,2017,13971,Total,Admin0,Week,WHOPAHO-ALL-20142022-W01-03,PAHO
BRAZIL,NA,NA,BRAZIL,BRA,37,BRA,NA,2019-02-03,2019-02-09,2019,41681,Total,Admin0,Week,WHOPAHO-ALL-20142022-W01-06,PAHO
BRAZIL,NA,NA,BRAZIL,BRA,37,BRA,NA,2019-02-10,2019-02-16,2019,47562,Total,Admin0,Week,WHOPAHO-ALL-20142022-W01-07,PAHO
BRAZIL,NA,NA,BRAZIL,BRA,37,BRA,NA,2019-02-17,2019-02-23,2019,51565,Total,Admin0,Week,WHOPAHO-ALL-20142022-W01-08,PAHO
BRAZIL,NA,NA,BRAZIL,BRA,37,BRA,NA,2019-02-24,2019-03-02,2019,50717,Total,Admin0,Week,WHOPAHO-ALL-20142022-W01-09,PAHO
BRAZIL,NA,NA,BRAZIL,BRA,37,BRA,NA,2019-03-03,2019-03-09,2019,56860,Total,Admin0,Week,WHOPAHO-ALL-20142022-W01-10,PAHO
BRAZIL,NA,NA,BRAZIL,BRA,37,BRA,NA,2019-03-10,2019-03-16,2019,70841,Total,Admin0,Week,WHOPAHO-ALL-20142022-W01-11,PAHO
BRAZIL,NA,NA,BRAZIL,BRA,37,BRA,NA,2019-03-17,2019-03-23,2019,83852,Total,Admin0,Week,WHOPAHO-ALL-20142022-W01-12,PAHO
BRAZIL,NA,NA,BRAZIL,BRA,37,BRA,NA,2019-03-24,2019-03-30,2019,94505,Total,Admin0,Week,WHOPAHO-ALL-20142022-W01-13,PAHO
BRAZIL,NA,NA,BRAZIL,BRA,37,BRA,NA,2019-03-31,2019-04-06,2019,106260,Total,Admin0,Week,WHOPAHO-ALL-20142022-W01-14,PAHO
BRAZIL,NA,NA,BRAZIL,BRA,37,BRA,NA,2019-01-06,2019-01-12,2019,19201,Total,Admin0,Week,WHOPAHO-ALL-20142022-W01-02,PAHO
BRAZIL,NA,NA,BRAZIL,BRA,37,BRA,NA,2019-01-13,2019-01-19,2019,22899,Total,Admin0,Week,WHOPAHO-ALL-20142022-W01-03,PAHO
BRAZIL,NA,NA,BRAZIL,BRA,37,BRA,NA,2019-01-20,2019-01-26,2019,29392,Total,Admin0,Week,WHOPAHO-ALL-20142022-W01-04,PAHO
BRAZIL,NA,NA,BRAZIL,BRA,37,BRA,NA,2019-01-27,2019-02-02,2019,35459,Total,Admin0,Week,WHOPAHO-ALL-20142022-W01-05,PAHO
BRAZIL,NA,NA,BRAZIL,BRA,37,BRA,NA,2019-05-05,2019-05-11,2019,142057,Total,Admin0,Week,WHOPAHO-ALL-20142022-W01-19,PAHO
BRAZIL,NA,NA,BRAZIL,BRA,37,BRA,NA,2019-05-12,2019-05-18,2019,132273,Total,Admin0,Week,WHOPAHO-ALL-20142022-W01-20,PAHO
BRAZIL,NA,NA,BRAZIL,BRA,37,BRA,NA,2019-05-19,2019-05-25,2019,112621,Total,Admin0,Week,WHOPAHO-ALL-20142022-W01-21,PAHO
BRAZIL,NA,NA,BRAZIL,BRA,37,BRA,NA,2019-05-26,2019-06-01,2019,92948,Total,Admin0,Week,WHOPAHO-ALL-20142022-W01-22,PAHO
BRAZIL,NA,NA,BRAZIL,BRA,37,BRA,NA,2019-06-02,2019-06-08,2019,72606,Total,Admin0,Week,WHOPAHO-ALL-20142022-W01-23,PAHO
BRAZIL,NA,NA,BRAZIL,BRA,37,BRA,NA,2019-06-09,2019-06-15,2019,58074,Total,Admin0,Week,WHOPAHO-ALL-20142022-W01-24,PAHO
BRAZIL,NA,NA,BRAZIL,BRA,37,BRA,NA,2019-06-16,2019-06-22,2019,43812,Total,Admin0,Week,WHOPAHO-ALL-20142022-W01-25,PAHO
BRAZIL,NA,NA,BRAZIL,BRA,37,BRA,NA,2017-03-05,2017-03-11,2017,18737,Total,Admin0,Week,WHOPAHO-ALL-20142022-W01-10,PAHO
BRAZIL,NA,NA,BRAZIL,BRA,37,BRA,NA,2017-03-12,2017-03-18,2017,18435,Total,Admin0,Week,WHOPAHO-ALL-20142022-W01-11,PAHO
BRAZIL,NA,NA,BRAZIL,BRA,37,BRA,NA,2019-04-07,2019-04-13,2019,113990,Total,Admin0,Week,WHOPAHO-ALL-20142022-W01-15,PAHO
BRAZIL,NA,NA,BRAZIL,BRA,37,BRA,NA,2019-04-14,2019-04-20,2019,117159,Total,Admin0,Week,WHOPAHO-ALL-20142022-W01-16,PAHO
BRAZIL,NA,NA,BRAZIL,BRA,37,BRA,NA,2019-04-21,2019-04-27,2019,133081,Total,Admin0,Week,WHOPAHO-ALL-20142022-W01-17,PAHO
BRAZIL,NA,NA,BRAZIL,BRA,37,BRA,NA,2019-04-28,2019-05-04,2019,136886,Total,Admin0,Week,WHOPAHO-ALL-20142022-W01-18,PAHO
BRAZIL,NA,NA,BRAZIL,BRA,37,BRA,NA,2017-04-16,2017-04-22,2017,17742,Total,Admin0,Week,WHOPAHO-ALL-20142022-W01-16,PAHO
BRAZIL,NA,NA,BRAZIL,BRA,37,BRA,NA,2017-04-23,2017-04-29,2017,15774,Total,Admin0,Week,WHOPAHO-ALL-20142022-W01-17,PAHO
BRAZIL,NA,NA,BRAZIL,BRA,37,BRA,NA,2017-04-30,2017-05-06,2017,16108,Total,Admin0,Week,WHOPAHO-ALL-20142022-W01-18,PAHO
BRAZIL,NA,NA,BRAZIL,BRA,37,BRA,NA,2017-05-07,2017-05-13,2017,15586,Total,Admin0,Week,WHOPAHO-ALL-20142022-W01-19,PAHO
BRAZIL,NA,NA,BRAZIL,BRA,37,BRA,NA,2017-05-14,2017-05-20,2017,14776,Total,Admin0,Week,WHOPAHO-ALL-20142022-W01-20,PAHO
BRAZIL,NA,NA,BRAZIL,BRA,37,BRA,NA,2017-05-21,2017-05-27,2017,12375,Total,Admin0,Week,WHOPAHO-ALL-20142022-W01-21,PAHO
BRAZIL,NA,NA,BRAZIL,BRA,37,BRA,NA,2019-09-15,2019-09-21,2019,10031,Total,Admin0,Week,WHOPAHO-ALL-20142022-W01-38,PAHO
BRAZIL,NA,NA,BRAZIL,BRA,37,BRA,NA,2019-09-22,2019-09-28,2019,8654,Total,Admin0,Week,WHOPAHO-ALL-20142022-W01-39,PAHO
BRAZIL,NA,NA,BRAZIL,BRA,37,BRA,NA,2019-09-29,2019-10-05,2019,9522,Total,Admin0,Week,WHOPAHO-ALL-20142022-W01-40,PAHO
BRAZIL,NA,NA,BRAZIL,BRA,37,BRA,NA,2019-10-06,2019-10-12,2019,9177,Total,Admin0,Week,WHOPAHO-ALL-20142022-W01-41,PAHO
BRAZIL,NA,NA,BRAZIL,BRA,37,BRA,NA,2019-10-13,2019-10-19,2019,9475,Total,Admin0,Week,WHOPAHO-ALL-20142022-W01-42,PAHO
BRAZIL,NA,NA,BRAZIL,BRA,37,BRA,NA,2019-10-20,2019-10-26,2019,9208,Total,Admin0,Week,WHOPAHO-ALL-20142022-W01-43,PAHO
BRAZIL,NA,NA,BRAZIL,BRA,37,BRA,NA,2019-10-27,2019-11-02,2019,9717,Total,Admin0,Week,WHOPAHO-ALL-20142022-W01-44,PAHO
BRAZIL,NA,NA,BRAZIL,BRA,37,BRA,NA,2019-11-03,2019-11-09,2019,10381,Total,Admin0,Week,WHOPAHO-ALL-20142022-W01-45,PAHO
BRAZIL,NA,NA,BRAZIL,BRA,37,BRA,NA,2017-07-16,2017-07-22,2017,4220,Total,Admin0,Week,WHOPAHO-ALL-20142022-W01-29,PAHO
BRAZIL,NA,NA,BRAZIL,BRA,37,BRA,NA,2017-07-23,2017-07-29,2017,4011,Total,Admin0,Week,WHOPAHO-ALL-20142022-W01-30,PAHO
BRAZIL,NA,NA,BRAZIL,BRA,37,BRA,NA,2017-07-30,2017-08-05,2017,4260,Total,Admin0,Week,WHOPAHO-ALL-20142022-W01-31,PAHO
BRAZIL,NA,NA,BRAZIL,BRA,37,BRA,NA,2017-08-06,2017-08-12,2017,4064,Total,Admin0,Week,WHOPAHO-ALL-20142022-W01-32,PAHO
BRAZIL,NA,NA,BRAZIL,BRA,37,BRA,NA,2017-08-13,2017-08-19,2017,3971,Total,Admin0,Week,WHOPAHO-ALL-20142022-W01-33,PAHO
BRAZIL,NA,NA,BRAZIL,BRA,37,BRA,NA,2017-08-20,2017-08-26,2017,4055,Total,Admin0,Week,WHOPAHO-ALL-20142022-W01-34,PAHO
BRAZIL,NA,NA,BRAZIL,BRA,37,BRA,NA,2017-08-27,2017-09-02,2017,4083,Total,Admin0,Week,WHOPAHO-ALL-20142022-W01-35,PAHO
BRAZIL,NA,NA,BRAZIL,BRA,37,BRA,NA,2017-09-03,2017-09-09,2017,3936,Total,Admin0,Week,WHOPAHO-ALL-20142022-W01-36,PAHO
BRAZIL,NA,NA,BRAZIL,BRA,37,BRA,NA,2017-09-10,2017-09-16,2017,4843,Total,Admin0,Week,WHOPAHO-ALL-20142022-W01-37,PAHO
BRAZIL,NA,NA,BRAZIL,BRA,37,BRA,NA,2017-09-17,2017-09-23,2017,4998,Total,Admin0,Week,WHOPAHO-ALL-20142022-W01-38,PAHO
BRAZIL,NA,NA,BRAZIL,BRA,37,BRA,NA,2017-09-24,2017-09-30,2017,4721,Total,Admin0,Week,WHOPAHO-ALL-20142022-W01-39,PAHO
BRAZIL,NA,NA,BRAZIL,BRA,37,BRA,NA,2017-10-01,2017-10-07,2017,5060,Total,Admin0,Week,WHOPAHO-ALL-20142022-W01-40,PAHO
BRAZIL,NA,NA,BRAZIL,BRA,37,BRA,NA,2017-10-08,2017-10-14,2017,5067,Total,Admin0,Week,WHOPAHO-ALL-20142022-W01-41,PAHO
BRAZIL,NA,NA,BRAZIL,BRA,37,BRA,NA,2017-10-15,2017-10-21,2017,5520,Total,Admin0,Week,WHOPAHO-ALL-20142022-W01-42,PAHO
BRAZIL,NA,NA,BRAZIL,BRA,37,BRA,NA,2017-10-22,2017-10-28,2017,4896,Total,Admin0,Week,WHOPAHO-ALL-20142022-W01-43,PAHO
BRAZIL,NA,NA,BRAZIL,BRA,37,BRA,NA,2017-10-29,2017-11-04,2017,4655,Total,Admin0,Week,WHOPAHO-ALL-20142022-W01-44,PAHO
BRAZIL,NA,NA,BRAZIL,BRA,37,BRA,NA,2017-11-05,2017-11-11,2017,5204,Total,Admin0,Week,WHOPAHO-ALL-20142022-W01-45,PAHO
BRAZIL,NA,NA,BRAZIL,BRA,37,BRA,NA,2017-11-12,2017-11-18,2017,5111,Total,Admin0,Week,WHOPAHO-ALL-20142022-W01-46,PAHO
BRAZIL,NA,NA,BRAZIL,BRA,37,BRA,NA,2017-11-19,2017-11-25,2017,5014,Total,Admin0,Week,WHOPAHO-ALL-20142022-W01-47,PAHO
BRAZIL,NA,NA,BRAZIL,BRA,37,BRA,NA,2017-11-26,2017-12-02,2017,5294,Total,Admin0,Week,WHOPAHO-ALL-20142022-W01-48,PAHO
BRAZIL,NA,NA,BRAZIL,BRA,37,BRA,NA,2019-06-23,2019-06-29,2019,38274,Total,Admin0,Week,WHOPAHO-ALL-20142022-W01-26,PAHO
BRAZIL,NA,NA,BRAZIL,BRA,37,BRA,NA,2019-06-30,2019-07-06,2019,29881,Total,Admin0,Week,WHOPAHO-ALL-20142022-W01-27,PAHO
BRAZIL,NA,NA,BRAZIL,BRA,37,BRA,NA,2017-03-19,2017-03-25,2017,18988,Total,Admin0,Week,WHOPAHO-ALL-20142022-W01-12,PAHO
BRAZIL,NA,NA,BRAZIL,BRA,37,BRA,NA,2017-03-26,2017-04-01,2017,18091,Total,Admin0,Week,WHOPAHO-ALL-20142022-W01-13,PAHO
BRAZIL,NA,NA,BRAZIL,BRA,37,BRA,NA,2017-04-02,2017-04-08,2017,18837,Total,Admin0,Week,WHOPAHO-ALL-20142022-W01-14,PAHO
BRAZIL,NA,NA,BRAZIL,BRA,37,BRA,NA,2017-04-09,2017-04-15,2017,17899,Total,Admin0,Week,WHOPAHO-ALL-20142022-W01-15,PAHO
BRAZIL,NA,NA,BRAZIL,BRA,37,BRA,NA,2019-08-04,2019-08-10,2019,13716,Total,Admin0,Week,WHOPAHO-ALL-20142022-W01-32,PAHO
BRAZIL,NA,NA,BRAZIL,BRA,37,BRA,NA,2019-08-11,2019-08-17,2019,12001,Total,Admin0,Week,WHOPAHO-ALL-20142022-W01-33,PAHO
BRAZIL,NA,NA,BRAZIL,BRA,37,BRA,NA,2019-08-18,2019-08-24,2019,11026,Total,Admin0,Week,WHOPAHO-ALL-20142022-W01-34,PAHO
BRAZIL,NA,NA,BRAZIL,BRA,37,BRA,NA,2019-08-25,2019-08-31,2019,10321,Total,Admin0,Week,WHOPAHO-ALL-20142022-W01-35,PAHO
BRAZIL,NA,NA,BRAZIL,BRA,37,BRA,NA,2019-09-01,2019-09-07,2019,10114,Total,Admin0,Week,WHOPAHO-ALL-20142022-W01-36,PAHO
BRAZIL,NA,NA,BRAZIL,BRA,37,BRA,NA,2019-09-08,2019-09-14,2019,10540,Total,Admin0,Week,WHOPAHO-ALL-20142022-W01-37,PAHO
BRAZIL,NA,NA,BRAZIL,BRA,37,BRA,NA,2018-12-02,2018-12-08,2018,8495,Total,Admin0,Week,WHOPAHO-ALL-20142022-W01-49,PAHO
BRAZIL,NA,NA,BRAZIL,BRA,37,BRA,NA,2018-12-09,2018-12-15,2018,9581,Total,Admin0,Week,WHOPAHO-ALL-20142022-W01-50,PAHO
BRAZIL,NA,NA,BRAZIL,BRA,37,BRA,NA,2018-12-16,2018-12-22,2018,7742,Total,Admin0,Week,WHOPAHO-ALL-20142022-W01-51,PAHO
BRAZIL,NA,NA,BRAZIL,BRA,37,BRA,NA,2018-12-23,2018-12-29,2018,4697,Total,Admin0,Week,WHOPAHO-ALL-20142022-W01-52,PAHO
BRAZIL,NA,NA,BRAZIL,BRA,37,BRA,NA,2018-12-30,2019-01-05,2018,15531,Total,Admin0,Week,WHOPAHO-ALL-20142022-W01-01,PAHO
BRAZIL,NA,NA,BRAZIL,BRA,37,BRA,NA,2022-04-24,2022-04-30,2022,150494,Total,Admin0,Week,WHOPAHO-ALL-20222024-W02-17,PAHO
BRAZIL,NA,NA,BRAZIL,BRA,37,BRA,NA,2022-05-01,2022-05-07,2022,156194,Total,Admin0,Week,WHOPAHO-ALL-20222024-W02-18,PAHO
BRAZIL,NA,NA,BRAZIL,BRA,37,BRA,NA,2022-05-08,2022-05-14,2022,135258,Total,Admin0,Week,WHOPAHO-ALL-20222024-W02-19,PAHO
BRAZIL,NA,NA,BRAZIL,BRA,37,BRA,NA,2022-05-15,2022-05-21,2022,104449,Total,Admin0,Week,WHOPAHO-ALL-20222024-W02-20,PAHO
BRAZIL,NA,NA,BRAZIL,BRA,37,BRA,NA,2022-05-22,2022-05-28,2022,84418,Total,Admin0,Week,WHOPAHO-ALL-20222024-W02-21,PAHO
BRAZIL,NA,NA,BRAZIL,BRA,37,BRA,NA,2022-05-29,2022-06-04,2022,75749,Total,Admin0,Week,WHOPAHO-ALL-20222024-W02-22,PAHO
BRAZIL,NA,NA,BRAZIL,BRA,37,BRA,NA,2022-06-05,2022-06-11,2022,62242,Total,Admin0,Week,WHOPAHO-ALL-20222024-W02-23,PAHO
BRAZIL,NA,NA,BRAZIL,BRA,37,BRA,NA,2022-06-12,2022-06-18,2022,49103,Total,Admin0,Week,WHOPAHO-ALL-20222024-W02-24,PAHO
BRAZIL,NA,NA,BRAZIL,BRA,37,BRA,NA,2022-06-19,2022-06-25,2022,46551,Total,Admin0,Week,WHOPAHO-ALL-20222024-W02-25,PAHO
BRAZIL,NA,NA,BRAZIL,BRA,37,BRA,NA,2022-06-26,2022-07-02,2022,39090,Total,Admin0,Week,WHOPAHO-ALL-20222024-W02-26,PAHO
BRAZIL,NA,NA,BRAZIL,BRA,37,BRA,NA,2022-07-03,2022-07-09,2022,33238,Total,Admin0,Week,WHOPAHO-ALL-20222024-W02-27,PAHO
BRAZIL,NA,NA,BRAZIL,BRA,37,BRA,NA,2022-07-10,2022-07-16,2022,29619,Total,Admin0,Week,WHOPAHO-ALL-20222024-W02-28,PAHO
BRAZIL,NA,NA,BRAZIL,BRA,37,BRA,NA,2022-07-17,2022-07-23,2022,25425,Total,Admin0,Week,WHOPAHO-ALL-20222024-W02-29,PAHO
BRAZIL,NA,NA,BRAZIL,BRA,37,BRA,NA,2022-07-24,2022-07-30,2022,22702,Total,Admin0,Week,WHOPAHO-ALL-20222024-W02-30,PAHO
BRAZIL,NA,NA,BRAZIL,BRA,37,BRA,NA,2022-07-31,2022-08-06,2022,22132,Total,Admin0,Week,WHOPAHO-ALL-20222024-W02-31,PAHO
BRAZIL,NA,NA,BRAZIL,BRA,37,BRA,NA,2022-08-07,2022-08-13,2022,18921,Total,Admin0,Week,WHOPAHO-ALL-20222024-W02-32,PAHO
BRAZIL,NA,NA,BRAZIL,BRA,37,BRA,NA,2022-08-14,2022-08-20,2022,17661,Total,Admin0,Week,WHOPAHO-ALL-20222024-W02-33,PAHO
BRAZIL,NA,NA,BRAZIL,BRA,37,BRA,NA,2022-08-21,2022-08-27,2022,16043,Total,Admin0,Week,WHOPAHO-ALL-20222024-W02-34,PAHO
BRAZIL,NA,NA,BRAZIL,BRA,37,BRA,NA,2022-08-28,2022-09-03,2022,14651,Total,Admin0,Week,WHOPAHO-ALL-20222024-W02-35,PAHO
BRAZIL,NA,NA,BRAZIL,BRA,37,BRA,NA,2022-09-04,2022-09-10,2022,14313,Total,Admin0,Week,WHOPAHO-ALL-20222024-W02-36,PAHO
BRAZIL,NA,NA,BRAZIL,BRA,37,BRA,NA,2022-09-11,2022-09-17,2022,13779,Total,Admin0,Week,WHOPAHO-ALL-20222024-W02-37,PAHO
BRAZIL,NA,NA,BRAZIL,BRA,37,BRA,NA,2022-09-18,2022-09-24,2022,13212,Total,Admin0,Week,WHOPAHO-ALL-20222024-W02-38,PAHO
BRAZIL,NA,NA,BRAZIL,BRA,37,BRA,NA,2022-09-25,2022-10-01,2022,12830,Total,Admin0,Week,WHOPAHO-ALL-20222024-W02-39,PAHO
BRAZIL,NA,NA,BRAZIL,BRA,37,BRA,NA,2022-10-02,2022-10-08,2022,13291,Total,Admin0,Week,WHOPAHO-ALL-20222024-W02-40,PAHO
BRAZIL,NA,NA,BRAZIL,BRA,37,BRA,NA,2022-10-09,2022-10-15,2022,13221,Total,Admin0,Week,WHOPAHO-ALL-20222024-W02-41,PAHO
BRAZIL,NA,NA,BRAZIL,BRA,37,BRA,NA,2019-07-07,2019-07-13,2019,23417,Total,Admin0,Week,WHOPAHO-ALL-20142022-W01-28,PAHO
BRAZIL,NA,NA,BRAZIL,BRA,37,BRA,NA,2019-07-14,2019-07-20,2019,19156,Total,Admin0,Week,WHOPAHO-ALL-20142022-W01-29,PAHO
BRAZIL,NA,NA,BRAZIL,BRA,37,BRA,NA,2019-07-21,2019-07-27,2019,16546,Total,Admin0,Week,WHOPAHO-ALL-20142022-W01-30,PAHO
BRAZIL,NA,NA,BRAZIL,BRA,37,BRA,NA,2019-07-28,2019-08-03,2019,14829,Total,Admin0,Week,WHOPAHO-ALL-20142022-W01-31,PAHO
BRAZIL,NA,NA,BRAZIL,BRA,37,BRA,NA,2022-11-13,2022-11-19,2022,16331,Total,Admin0,Week,WHOPAHO-ALL-20222024-W02-46,PAHO
BRAZIL,NA,NA,BRAZIL,BRA,37,BRA,NA,2022-11-20,2022-11-26,2022,16357,Total,Admin0,Week,WHOPAHO-ALL-20222024-W02-47,PAHO
BRAZIL,NA,NA,BRAZIL,BRA,37,BRA,NA,2022-11-27,2022-12-03,2022,15994,Total,Admin0,Week,WHOPAHO-ALL-20222024-W02-48,PAHO
BRAZIL,NA,NA,BRAZIL,BRA,37,BRA,NA,2022-12-04,2022-12-10,2022,15997,Total,Admin0,Week,WHOPAHO-ALL-20222024-W02-49,PAHO
BRAZIL,NA,NA,BRAZIL,BRA,37,BRA,NA,2022-12-11,2022-12-17,2022,14309,Total,Admin0,Week,WHOPAHO-ALL-20222024-W02-50,PAHO
BRAZIL,NA,NA,BRAZIL,BRA,37,BRA,NA,2022-12-18,2022-12-24,2022,8780,Total,Admin0,Week,WHOPAHO-ALL-20222024-W02-51,PAHO
BRAZIL,NA,NA,BRAZIL,BRA,37,BRA,NA,2022-12-25,2022-12-31,2022,2926,Total,Admin0,Week,WHOPAHO-ALL-20222024-W02-52,PAHO
BRAZIL,NA,NA,BRAZIL,BRA,37,BRA,NA,2023-01-01,2023-01-07,2023,28533,Total,Admin0,Week,WHOPAHO-ALL-20222024-W02-01,PAHO
BRAZIL,NA,NA,BRAZIL,BRA,37,BRA,NA,2023-01-08,2023-01-14,2023,30645,Total,Admin0,Week,WHOPAHO-ALL-20222024-W02-02,PAHO
BRAZIL,NA,NA,BRAZIL,BRA,37,BRA,NA,2023-01-15,2023-01-21,2023,36999,Total,Admin0,Week,WHOPAHO-ALL-20222024-W02-03,PAHO
BRAZIL,NA,NA,BRAZIL,BRA,37,BRA,NA,2023-01-22,2023-01-28,2023,42470,Total,Admin0,Week,WHOPAHO-ALL-20222024-W02-04,PAHO
BRAZIL,NA,NA,BRAZIL,BRA,37,BRA,NA,2023-01-29,2023-02-04,2023,52668,Total,Admin0,Week,WHOPAHO-ALL-20222024-W02-05,PAHO
BRAZIL,NA,NA,BRAZIL,BRA,37,BRA,NA,2023-02-05,2023-02-11,2023,64987,Total,Admin0,Week,WHOPAHO-ALL-20222024-W02-06,PAHO
BRAZIL,NA,NA,BRAZIL,BRA,37,BRA,NA,2023-02-12,2023-02-18,2023,66762,Total,Admin0,Week,WHOPAHO-ALL-20222024-W02-07,PAHO
BRAZIL,NA,NA,BRAZIL,BRA,37,BRA,NA,2023-02-19,2023-02-25,2023,77027,Total,Admin0,Week,WHOPAHO-ALL-20222024-W02-08,PAHO
BRAZIL,NA,NA,BRAZIL,BRA,37,BRA,NA,2023-02-26,2023-03-04,2023,98392,Total,Admin0,Week,WHOPAHO-ALL-20222024-W02-09,PAHO
BRAZIL,NA,NA,BRAZIL,BRA,37,BRA,NA,2023-03-05,2023-03-11,2023,115216,Total,Admin0,Week,WHOPAHO-ALL-20222024-W02-10,PAHO
BRAZIL,NA,NA,BRAZIL,BRA,37,BRA,NA,2023-03-12,2023-03-18,2023,131868,Total,Admin0,Week,WHOPAHO-ALL-20222024-W02-11,PAHO
BRAZIL,NA,NA,BRAZIL,BRA,37,BRA,NA,2023-03-19,2023-03-25,2023,160054,Total,Admin0,Week,WHOPAHO-ALL-20222024-W02-12,PAHO
BRAZIL,NA,NA,BRAZIL,BRA,37,BRA,NA,2023-03-26,2023-04-01,2023,171176,Total,Admin0,Week,WHOPAHO-ALL-20222024-W02-13,PAHO
BRAZIL,NA,NA,BRAZIL,BRA,37,BRA,NA,2023-04-02,2023-04-08,2023,161477,Total,Admin0,Week,WHOPAHO-ALL-20222024-W02-14,PAHO
BRAZIL,NA,NA,BRAZIL,BRA,37,BRA,NA,2023-04-09,2023-04-15,2023,186718,Total,Admin0,Week,WHOPAHO-ALL-20222024-W02-15,PAHO
BRAZIL,NA,NA,BRAZIL,BRA,37,BRA,NA,2023-04-16,2023-04-22,2023,165002,Total,Admin0,Week,WHOPAHO-ALL-20222024-W02-16,PAHO
BRAZIL,NA,NA,BRAZIL,BRA,37,BRA,NA,2023-04-23,2023-04-29,2023,148400,Total,Admin0,Week,WHOPAHO-ALL-20222024-W02-17,PAHO
BRAZIL,NA,NA,BRAZIL,BRA,37,BRA,NA,2023-04-30,2023-05-06,2023,158352,Total,Admin0,Week,WHOPAHO-ALL-20222024-W02-18,PAHO
BRAZIL,NA,NA,BRAZIL,BRA,37,BRA,NA,2023-05-07,2023-05-13,2023,144376,Total,Admin0,Week,WHOPAHO-ALL-20222024-W02-19,PAHO
BRAZIL,NA,NA,BRAZIL,BRA,37,BRA,NA,2023-05-14,2023-05-20,2023,121825,Total,Admin0,Week,WHOPAHO-ALL-20222024-W02-20,PAHO
BRAZIL,NA,NA,BRAZIL,BRA,37,BRA,NA,2023-05-21,2023-05-27,2023,90703,Total,Admin0,Week,WHOPAHO-ALL-20222024-W02-21,PAHO
BRAZIL,NA,NA,BRAZIL,BRA,37,BRA,NA,2023-05-28,2023-06-03,2023,72095,Total,Admin0,Week,WHOPAHO-ALL-20222024-W02-22,PAHO
BRAZIL,NA,NA,BRAZIL,BRA,37,BRA,NA,2023-06-04,2023-06-10,2023,55721,Total,Admin0,Week,WHOPAHO-ALL-20222024-W02-23,PAHO
BRAZIL,NA,NA,BRAZIL,BRA,37,BRA,NA,2023-06-11,2023-06-17,2023,48059,Total,Admin0,Week,WHOPAHO-ALL-20222024-W02-24,PAHO
BRAZIL,NA,NA,BRAZIL,BRA,37,BRA,NA,2023-06-18,2023-06-24,2023,39160,Total,Admin0,Week,WHOPAHO-ALL-20222024-W02-25,PAHO
BRAZIL,NA,NA,BRAZIL,BRA,37,BRA,NA,2023-06-25,2023-07-01,2023,33459,Total,Admin0,Week,WHOPAHO-ALL-20222024-W02-26,PAHO
BRAZIL,NA,NA,BRAZIL,BRA,37,BRA,NA,2023-07-02,2023-07-08,2023,27767,Total,Admin0,Week,WHOPAHO-ALL-20222024-W02-27,PAHO
BRAZIL,NA,NA,BRAZIL,BRA,37,BRA,NA,2023-07-09,2023-07-15,2023,24236,Total,Admin0,Week,WHOPAHO-ALL-20222024-W02-28,PAHO
BRAZIL,NA,NA,BRAZIL,BRA,37,BRA,NA,2017-12-03,2017-12-09,2017,5252,Total,Admin0,Week,WHOPAHO-ALL-20142022-W01-49,PAHO
BRAZIL,NA,NA,BRAZIL,BRA,37,BRA,NA,2022-10-16,2022-10-22,2022,14254,Total,Admin0,Week,WHOPAHO-ALL-20222024-W02-42,PAHO
BRAZIL,NA,NA,BRAZIL,BRA,37,BRA,NA,2022-10-23,2022-10-29,2022,13490,Total,Admin0,Week,WHOPAHO-ALL-20222024-W02-43,PAHO
BRAZIL,NA,NA,BRAZIL,BRA,37,BRA,NA,2022-10-30,2022-11-05,2022,12854,Total,Admin0,Week,WHOPAHO-ALL-20222024-W02-44,PAHO
BRAZIL,NA,NA,BRAZIL,BRA,37,BRA,NA,2022-11-06,2022-11-12,2022,14918,Total,Admin0,Week,WHOPAHO-ALL-20222024-W02-45,PAHO
BRAZIL,NA,NA,BRAZIL,BRA,37,BRA,NA,2018-01-07,2018-01-13,2018,9052,Total,Admin0,Week,WHOPAHO-ALL-20142022-W01-02,PAHO
BRAZIL,NA,NA,BRAZIL,BRA,37,BRA,NA,2018-01-14,2018-01-20,2018,11169,Total,Admin0,Week,WHOPAHO-ALL-20142022-W01-03,PAHO
BRAZIL,NA,NA,BRAZIL,BRA,37,BRA,NA,2018-01-21,2018-01-27,2018,10692,Total,Admin0,Week,WHOPAHO-ALL-20142022-W01-04,PAHO
BRAZIL,NA,NA,BRAZIL,BRA,37,BRA,NA,2018-01-28,2018-02-03,2018,11348,Total,Admin0,Week,WHOPAHO-ALL-20142022-W01-05,PAHO
BRAZIL,NA,NA,BRAZIL,BRA,37,BRA,NA,2018-02-04,2018-02-10,2018,10088,Total,Admin0,Week,WHOPAHO-ALL-20142022-W01-06,PAHO
BRAZIL,NA,NA,BRAZIL,BRA,37,BRA,NA,2018-02-11,2018-02-17,2018,10947,Total,Admin0,Week,WHOPAHO-ALL-20142022-W01-07,PAHO
BRAZIL,NA,NA,BRAZIL,BRA,37,BRA,NA,2018-02-18,2018-02-24,2018,12141,Total,Admin0,Week,WHOPAHO-ALL-20142022-W01-08,PAHO
BRAZIL,NA,NA,BRAZIL,BRA,37,BRA,NA,2018-02-25,2018-03-03,2018,13366,Total,Admin0,Week,WHOPAHO-ALL-20142022-W01-09,PAHO
BRAZIL,NA,NA,BRAZIL,BRA,37,BRA,NA,2018-03-04,2018-03-10,2018,14537,Total,Admin0,Week,WHOPAHO-ALL-20142022-W01-10,PAHO
BRAZIL,NA,NA,BRAZIL,BRA,37,BRA,NA,2018-03-11,2018-03-17,2018,14536,Total,Admin0,Week,WHOPAHO-ALL-20142022-W01-11,PAHO
BRAZIL,NA,NA,BRAZIL,BRA,37,BRA,NA,2018-03-18,2018-03-24,2018,14432,Total,Admin0,Week,WHOPAHO-ALL-20142022-W01-12,PAHO
BRAZIL,NA,NA,BRAZIL,BRA,37,BRA,NA,2018-03-25,2018-03-31,2018,13743,Total,Admin0,Week,WHOPAHO-ALL-20142022-W01-13,PAHO
BRAZIL,NA,NA,BRAZIL,BRA,37,BRA,NA,2018-04-01,2018-04-07,2018,17750,Total,Admin0,Week,WHOPAHO-ALL-20142022-W01-14,PAHO
BRAZIL,NA,NA,BRAZIL,BRA,37,BRA,NA,2018-04-08,2018-04-14,2018,18769,Total,Admin0,Week,WHOPAHO-ALL-20142022-W01-15,PAHO
BRAZIL,NA,NA,BRAZIL,BRA,37,BRA,NA,2018-04-15,2018-04-21,2018,18219,Total,Admin0,Week,WHOPAHO-ALL-20142022-W01-16,PAHO
BRAZIL,NA,NA,BRAZIL,BRA,37,BRA,NA,2018-04-22,2018-04-28,2018,15180,Total,Admin0,Week,WHOPAHO-ALL-20142022-W01-17,PAHO
BRAZIL,NA,NA,BRAZIL,BRA,37,BRA,NA,2018-04-29,2018-05-05,2018,16547,Total,Admin0,Week,WHOPAHO-ALL-20142022-W01-18,PAHO
BRAZIL,NA,NA,BRAZIL,BRA,37,BRA,NA,2018-05-06,2018-05-12,2018,15782,Total,Admin0,Week,WHOPAHO-ALL-20142022-W01-19,PAHO
BRAZIL,NA,NA,BRAZIL,BRA,37,BRA,NA,2018-05-13,2018-05-19,2018,13836,Total,Admin0,Week,WHOPAHO-ALL-20142022-W01-20,PAHO
BRAZIL,NA,NA,BRAZIL,BRA,37,BRA,NA,2018-05-20,2018-05-26,2018,11126,Total,Admin0,Week,WHOPAHO-ALL-20142022-W01-21,PAHO
BRAZIL,NA,NA,BRAZIL,BRA,37,BRA,NA,2018-05-27,2018-06-02,2018,9032,Total,Admin0,Week,WHOPAHO-ALL-20142022-W01-22,PAHO
BRAZIL,NA,NA,BRAZIL,BRA,37,BRA,NA,2018-06-03,2018-06-09,2018,8745,Total,Admin0,Week,WHOPAHO-ALL-20142022-W01-23,PAHO
BRAZIL,NA,NA,BRAZIL,BRA,37,BRA,NA,2018-06-10,2018-06-16,2018,8748,Total,Admin0,Week,WHOPAHO-ALL-20142022-W01-24,PAHO
BRAZIL,NA,NA,BRAZIL,BRA,37,BRA,NA,2018-06-17,2018-06-23,2018,7586,Total,Admin0,Week,WHOPAHO-ALL-20142022-W01-25,PAHO
BRAZIL,NA,NA,BRAZIL,BRA,37,BRA,NA,2018-06-24,2018-06-30,2018,6455,Total,Admin0,Week,WHOPAHO-ALL-20142022-W01-26,PAHO
BRAZIL,NA,NA,BRAZIL,BRA,37,BRA,NA,2018-07-01,2018-07-07,2018,6360,Total,Admin0,Week,WHOPAHO-ALL-20142022-W01-27,PAHO
BRAZIL,NA,NA,BRAZIL,BRA,37,BRA,NA,2018-07-08,2018-07-14,2018,5513,Total,Admin0,Week,WHOPAHO-ALL-20142022-W01-28,PAHO
BRAZIL,NA,NA,BRAZIL,BRA,37,BRA,NA,2018-07-15,2018-07-21,2018,5693,Total,Admin0,Week,WHOPAHO-ALL-20142022-W01-29,PAHO
BRAZIL,NA,NA,BRAZIL,BRA,37,BRA,NA,2018-07-22,2018-07-28,2018,4875,Total,Admin0,Week,WHOPAHO-ALL-20142022-W01-30,PAHO
BRAZIL,NA,NA,BRAZIL,BRA,37,BRA,NA,2018-07-29,2018-08-04,2018,4790,Total,Admin0,Week,WHOPAHO-ALL-20142022-W01-31,PAHO
BRAZIL,NA,NA,BRAZIL,BRA,37,BRA,NA,2018-08-05,2018-08-11,2018,4538,Total,Admin0,Week,WHOPAHO-ALL-20142022-W01-32,PAHO
BRAZIL,NA,NA,BRAZIL,BRA,37,BRA,NA,2018-08-12,2018-08-18,2018,4479,Total,Admin0,Week,WHOPAHO-ALL-20142022-W01-33,PAHO
BRAZIL,NA,NA,BRAZIL,BRA,37,BRA,NA,2018-08-19,2018-08-25,2018,4420,Total,Admin0,Week,WHOPAHO-ALL-20142022-W01-34,PAHO
BRAZIL,NA,NA,BRAZIL,BRA,37,BRA,NA,2018-08-26,2018-09-01,2018,3965,Total,Admin0,Week,WHOPAHO-ALL-20142022-W01-35,PAHO
BRAZIL,NA,NA,BRAZIL,BRA,37,BRA,NA,2018-09-02,2018-09-08,2018,3437,Total,Admin0,Week,WHOPAHO-ALL-20142022-W01-36,PAHO
BRAZIL,NA,NA,BRAZIL,BRA,37,BRA,NA,2018-09-09,2018-09-15,2018,3906,Total,Admin0,Week,WHOPAHO-ALL-20142022-W01-37,PAHO
BRAZIL,NA,NA,BRAZIL,BRA,37,BRA,NA,2017-12-10,2017-12-16,2017,5201,Total,Admin0,Week,WHOPAHO-ALL-20142022-W01-50,PAHO
BRAZIL,NA,NA,BRAZIL,BRA,37,BRA,NA,2017-12-17,2017-12-23,2017,3905,Total,Admin0,Week,WHOPAHO-ALL-20142022-W01-51,PAHO
BRAZIL,NA,NA,BRAZIL,BRA,37,BRA,NA,2017-12-24,2017-12-30,2017,2240,Total,Admin0,Week,WHOPAHO-ALL-20142022-W01-52,PAHO
BRAZIL,NA,NA,BRAZIL,BRA,37,BRA,NA,2017-12-31,2018-01-06,2017,7588,Total,Admin0,Week,WHOPAHO-ALL-20142022-W01-01,PAHO
BRAZIL,NA,NA,BRAZIL,BRA,37,BRA,NA,2018-10-14,2018-10-20,2018,5079,Total,Admin0,Week,WHOPAHO-ALL-20142022-W01-42,PAHO
BRAZIL,NA,NA,BRAZIL,BRA,37,BRA,NA,2018-10-21,2018-10-27,2018,4907,Total,Admin0,Week,WHOPAHO-ALL-20142022-W01-43,PAHO
BRAZIL,NA,NA,BRAZIL,BRA,37,BRA,NA,2018-10-28,2018-11-03,2018,5174,Total,Admin0,Week,WHOPAHO-ALL-20142022-W01-44,PAHO
BRAZIL,NA,NA,BRAZIL,BRA,37,BRA,NA,2018-11-04,2018-11-10,2018,5741,Total,Admin0,Week,WHOPAHO-ALL-20142022-W01-45,PAHO
BRAZIL,NA,NA,BRAZIL,BRA,37,BRA,NA,2018-11-11,2018-11-17,2018,5783,Total,Admin0,Week,WHOPAHO-ALL-20142022-W01-46,PAHO
BRAZIL,NA,NA,BRAZIL,BRA,37,BRA,NA,2018-11-18,2018-11-24,2018,6951,Total,Admin0,Week,WHOPAHO-ALL-20142022-W01-47,PAHO
BRAZIL,NA,NA,BRAZIL,BRA,37,BRA,NA,2018-11-25,2018-12-01,2018,7890,Total,Admin0,Week,WHOPAHO-ALL-20142022-W01-48,PAHO
BRAZIL,NA,NA,BRAZIL,BRA,37,BRA,NA,2016-07-24,2016-07-30,2016,6021,Total,Admin0,Week,WHOPAHO-ALL-20142022-W01-30,PAHO
BRAZIL,NA,NA,BRAZIL,BRA,37,BRA,NA,2016-07-31,2016-08-06,2016,5904,Total,Admin0,Week,WHOPAHO-ALL-20142022-W01-31,PAHO
BRAZIL,NA,NA,BRAZIL,BRA,37,BRA,NA,2016-08-07,2016-08-13,2016,5494,Total,Admin0,Week,WHOPAHO-ALL-20142022-W01-32,PAHO
BRAZIL,NA,NA,BRAZIL,BRA,37,BRA,NA,2016-08-14,2016-08-20,2016,5682,Total,Admin0,Week,WHOPAHO-ALL-20142022-W01-33,PAHO
BRAZIL,NA,NA,BRAZIL,BRA,37,BRA,NA,2016-08-21,2016-08-27,2016,5081,Total,Admin0,Week,WHOPAHO-ALL-20142022-W01-34,PAHO
BRAZIL,NA,NA,BRAZIL,BRA,37,BRA,NA,2022-04-17,2022-04-23,2022,144148,Total,Admin0,Week,WHOPAHO-ALL-20222024-W02-16,PAHO
BRAZIL,NA,NA,BRAZIL,BRA,37,BRA,NA,1980-01-01,1980-12-31,1980,0,Total,Admin0,Year,WHOPAHO-ALL-19802024-Y03-00,PAHO
BRAZIL,NA,NA,BRAZIL,BRA,37,BRA,NA,1981-01-01,1981-12-31,1981,0,Total,Admin0,Year,WHOPAHO-ALL-19802024-Y03-00,PAHO
BRAZIL,NA,NA,BRAZIL,BRA,37,BRA,NA,1982-01-01,1982-12-31,1982,12000,Total,Admin0,Year,WHOPAHO-ALL-19802024-Y03-00,PAHO
BRAZIL,NA,NA,BRAZIL,BRA,37,BRA,NA,1983-01-01,1983-12-31,1983,0,Total,Admin0,Year,WHOPAHO-ALL-19802024-Y03-00,PAHO
BRAZIL,NA,NA,BRAZIL,BRA,37,BRA,NA,1984-01-01,1984-12-31,1984,0,Total,Admin0,Year,WHOPAHO-ALL-19802024-Y03-00,PAHO
BRAZIL,NA,NA,BRAZIL,BRA,37,BRA,NA,1985-01-01,1985-12-31,1985,0,Total,Admin0,Year,WHOPAHO-ALL-19802024-Y03-00,PAHO
BRAZIL,NA,NA,BRAZIL,BRA,37,BRA,NA,1986-01-01,1986-12-31,1986,47367,Total,Admin0,Year,WHOPAHO-ALL-19802024-Y03-00,PAHO
BRAZIL,NA,NA,BRAZIL,BRA,37,BRA,NA,1987-01-01,1987-12-31,1987,89393,Total,Admin0,Year,WHOPAHO-ALL-19802024-Y03-00,PAHO
BRAZIL,NA,NA,BRAZIL,BRA,37,BRA,NA,1988-01-01,1988-12-31,1988,190,Total,Admin0,Year,WHOPAHO-ALL-19802024-Y03-00,PAHO
BRAZIL,NA,NA,BRAZIL,BRA,37,BRA,NA,1989-01-01,1989-12-31,1989,5334,Total,Admin0,Year,WHOPAHO-ALL-19802024-Y03-00,PAHO
BRAZIL,NA,NA,BRAZIL,BRA,37,BRA,NA,1990-01-01,1990-12-31,1990,40642,Total,Admin0,Year,WHOPAHO-ALL-19802024-Y03-00,PAHO
BRAZIL,NA,NA,BRAZIL,BRA,37,BRA,NA,1991-01-01,1991-12-31,1991,97209,Total,Admin0,Year,WHOPAHO-ALL-19802024-Y03-00,PAHO
BRAZIL,NA,NA,BRAZIL,BRA,37,BRA,NA,1992-01-01,1992-12-31,1992,3501,Total,Admin0,Year,WHOPAHO-ALL-19802024-Y03-00,PAHO
BRAZIL,NA,NA,BRAZIL,BRA,37,BRA,NA,1993-01-01,1993-12-31,1993,6915,Total,Admin0,Year,WHOPAHO-ALL-19802024-Y03-00,PAHO
BRAZIL,NA,NA,BRAZIL,BRA,37,BRA,NA,1994-01-01,1994-12-31,1994,54453,Total,Admin0,Year,WHOPAHO-ALL-19802024-Y03-00,PAHO
BRAZIL,NA,NA,BRAZIL,BRA,37,BRA,NA,1995-01-01,1995-12-31,1995,124775,Total,Admin0,Year,WHOPAHO-ALL-19802024-Y03-00,PAHO
BRAZIL,NA,NA,BRAZIL,BRA,37,BRA,NA,1996-01-01,1996-12-31,1996,175749,Total,Admin0,Year,WHOPAHO-ALL-19802024-Y03-00,PAHO
BRAZIL,NA,NA,BRAZIL,BRA,37,BRA,NA,1997-01-01,1997-12-31,1997,254074,Total,Admin0,Year,WHOPAHO-ALL-19802024-Y03-00,PAHO
BRAZIL,NA,NA,BRAZIL,BRA,37,BRA,NA,1998-01-01,1998-12-31,1998,535283,Total,Admin0,Year,WHOPAHO-ALL-19802024-Y03-00,PAHO
BRAZIL,NA,NA,BRAZIL,BRA,37,BRA,NA,1999-01-01,1999-12-31,1999,204131,Total,Admin0,Year,WHOPAHO-ALL-19802024-Y03-00,PAHO
BRAZIL,NA,NA,BRAZIL,BRA,37,BRA,NA,2000-01-01,2000-12-31,2000,231412,Total,Admin0,Year,WHOPAHO-ALL-19802024-Y03-00,PAHO
BRAZIL,NA,NA,BRAZIL,BRA,37,BRA,NA,2001-01-01,2001-12-31,2001,412388,Total,Admin0,Year,WHOPAHO-ALL-19802024-Y03-00,PAHO
BRAZIL,NA,NA,BRAZIL,BRA,37,BRA,NA,2002-01-01,2002-12-31,2002,778037,Total,Admin0,Year,WHOPAHO-ALL-19802024-Y03-00,PAHO
BRAZIL,NA,NA,BRAZIL,BRA,37,BRA,NA,2003-01-01,2003-12-31,2003,341189,Total,Admin0,Year,WHOPAHO-ALL-19802024-Y03-00,PAHO
BRAZIL,NA,NA,BRAZIL,BRA,37,BRA,NA,2004-01-01,2004-12-31,2004,112851,Total,Admin0,Year,WHOPAHO-ALL-19802024-Y03-00,PAHO
BRAZIL,NA,NA,BRAZIL,BRA,37,BRA,NA,2005-01-01,2005-12-31,2005,203356,Total,Admin0,Year,WHOPAHO-ALL-19802024-Y03-00,PAHO
BRAZIL,NA,NA,BRAZIL,BRA,37,BRA,NA,2006-01-01,2006-12-31,2006,345922,Total,Admin0,Year,WHOPAHO-ALL-19802024-Y03-00,PAHO
BRAZIL,NA,NA,BRAZIL,BRA,37,BRA,NA,2007-01-01,2007-12-31,2007,558413,Total,Admin0,Year,WHOPAHO-ALL-19802024-Y03-00,PAHO
BRAZIL,NA,NA,BRAZIL,BRA,37,BRA,NA,2008-01-01,2008-12-31,2008,724427,Total,Admin0,Year,WHOPAHO-ALL-19802024-Y03-00,PAHO
BRAZIL,NA,NA,BRAZIL,BRA,37,BRA,NA,2009-01-01,2009-12-31,2009,520660,Total,Admin0,Year,WHOPAHO-ALL-19802024-Y03-00,PAHO
BRAZIL,NA,NA,BRAZIL,BRA,37,BRA,NA,2010-01-01,2010-12-31,2010,994158,Total,Admin0,Year,WHOPAHO-ALL-19802024-Y03-00,PAHO
BRAZIL,NA,NA,BRAZIL,BRA,37,BRA,NA,2011-01-01,2011-12-31,2011,753487,Total,Admin0,Year,WHOPAHO-ALL-19802024-Y03-00,PAHO
BRAZIL,NA,NA,BRAZIL,BRA,37,BRA,NA,2012-01-01,2012-12-31,2012,597450,Total,Admin0,Year,WHOPAHO-ALL-19802024-Y03-00,PAHO
BRAZIL,NA,NA,BRAZIL,BRA,37,BRA,NA,2013-01-01,2013-12-31,2013,1473645,Total,Admin0,Year,WHOPAHO-ALL-19802024-Y03-00,PAHO
BRAZIL,NA,NA,BRAZIL,BRA,37,BRA,NA,2014-01-01,2014-12-31,2014,591080,Total,Admin0,Year,WHOPAHO-ALL-19802024-Y03-00,PAHO
BRAZIL,NA,NA,BRAZIL,BRA,37,BRA,NA,2015-01-04,2015-01-10,2015,11751,Probable,Admin0,Week,MOH-BRA-2015-Y01-14,PAHO
BRAZIL,NA,NA,BRAZIL,BRA,37,BRA,NA,2015-01-11,2015-01-17,2015,15597,Probable,Admin0,Week,MOH-BRA-2015-Y01-14,PAHO
BRAZIL,NA,NA,BRAZIL,BRA,37,BRA,NA,2015-01-18,2015-01-24,2015,24146,Probable,Admin0,Week,MOH-BRA-2015-Y01-14,PAHO
BRAZIL,NA,NA,BRAZIL,BRA,37,BRA,NA,2015-01-25,2015-01-31,2015,30277,Probable,Admin0,Week,MOH-BRA-2015-Y01-14,PAHO
BRAZIL,NA,NA,BRAZIL,BRA,37,BRA,NA,2015-02-01,2015-02-07,2015,38725,Probable,Admin0,Week,MOH-BRA-2015-Y01-14,PAHO
BRAZIL,NA,NA,BRAZIL,BRA,37,BRA,NA,2015-02-08,2015-02-14,2015,39615,Probable,Admin0,Week,MOH-BRA-2015-Y01-14,PAHO
BRAZIL,NA,NA,BRAZIL,BRA,37,BRA,NA,2015-02-15,2015-02-21,2015,47672,Probable,Admin0,Week,MOH-BRA-2015-Y01-14,PAHO
BRAZIL,NA,NA,BRAZIL,BRA,37,BRA,NA,2015-02-22,2015-02-28,2015,59624,Probable,Admin0,Week,MOH-BRA-2015-Y01-14,PAHO
BRAZIL,NA,NA,BRAZIL,BRA,37,BRA,NA,2015-03-01,2015-03-07,2015,78887,Probable,Admin0,Week,MOH-BRA-2015-Y01-14,PAHO
BRAZIL,NA,NA,BRAZIL,BRA,37,BRA,NA,2019-11-10,2019-11-16,2019,10273,Total,Admin0,Week,WHOPAHO-ALL-20142022-W01-46,PAHO
BRAZIL,NA,NA,BRAZIL,BRA,37,BRA,NA,2019-11-17,2019-11-23,2019,11432,Total,Admin0,Week,WHOPAHO-ALL-20142022-W01-47,PAHO
BRAZIL,NA,NA,BRAZIL,BRA,37,BRA,NA,2019-11-24,2019-11-30,2019,11557,Total,Admin0,Week,WHOPAHO-ALL-20142022-W01-48,PAHO
BRAZIL,NA,NA,BRAZIL,BRA,37,BRA,NA,2019-12-01,2019-12-07,2019,13064,Total,Admin0,Week,WHOPAHO-ALL-20142022-W01-49,PAHO
BRAZIL,NA,NA,BRAZIL,BRA,37,BRA,NA,2019-12-08,2019-12-14,2019,14168,Total,Admin0,Week,WHOPAHO-ALL-20142022-W01-50,PAHO
BRAZIL,NA,NA,BRAZIL,BRA,37,BRA,NA,2019-12-15,2019-12-21,2019,12624,Total,Admin0,Week,WHOPAHO-ALL-20142022-W01-51,PAHO
BRAZIL,NA,NA,BRAZIL,BRA,37,BRA,NA,2019-12-22,2019-12-28,2019,7634,Total,Admin0,Week,WHOPAHO-ALL-20142022-W01-52,PAHO
BRAZIL,NA,NA,BRAZIL,BRA,37,BRA,NA,2019-12-29,2020-01-04,2019,20844,Total,Admin0,Week,WHOPAHO-ALL-20142022-W01-01,PAHO
BRAZIL,NA,NA,BRAZIL,BRA,37,BRA,NA,2020-01-01,2020-12-31,2020,1467142,Total,Admin0,Year,WHOPAHO-ALL-19802024-Y03-00,PAHO
BRAZIL,NA,NA,BRAZIL,BRA,37,BRA,NA,2021-01-03,2021-01-09,2021,13113,Total,Admin0,Week,WHOPAHO-ALL-20142022-W01-01,PAHO
BRAZIL,NA,NA,BRAZIL,BRA,37,BRA,NA,2021-01-10,2021-01-16,2021,13741,Total,Admin0,Week,WHOPAHO-ALL-20142022-W01-02,PAHO
BRAZIL,NA,NA,BRAZIL,BRA,37,BRA,NA,2021-01-17,2021-01-23,2021,15971,Total,Admin0,Week,WHOPAHO-ALL-20142022-W01-03,PAHO
BRAZIL,NA,NA,BRAZIL,BRA,37,BRA,NA,2021-01-24,2021-01-30,2021,16758,Total,Admin0,Week,WHOPAHO-ALL-20142022-W01-04,PAHO
BRAZIL,NA,NA,BRAZIL,BRA,37,BRA,NA,2021-01-31,2021-02-06,2021,20553,Total,Admin0,Week,WHOPAHO-ALL-20142022-W01-05,PAHO
BRAZIL,NA,NA,BRAZIL,BRA,37,BRA,NA,2021-02-07,2021-02-13,2021,22578,Total,Admin0,Week,WHOPAHO-ALL-20142022-W01-06,PAHO
BRAZIL,NA,NA,BRAZIL,BRA,37,BRA,NA,2021-02-14,2021-02-20,2021,27289,Total,Admin0,Week,WHOPAHO-ALL-20142022-W01-07,PAHO
BRAZIL,NA,NA,BRAZIL,BRA,37,BRA,NA,2021-02-21,2021-02-27,2021,28352,Total,Admin0,Week,WHOPAHO-ALL-20142022-W01-08,PAHO
BRAZIL,NA,NA,BRAZIL,BRA,37,BRA,NA,2021-02-28,2021-03-06,2021,33075,Total,Admin0,Week,WHOPAHO-ALL-20142022-W01-09,PAHO
BRAZIL,NA,NA,BRAZIL,BRA,37,BRA,NA,2021-03-07,2021-03-13,2021,33903,Total,Admin0,Week,WHOPAHO-ALL-20142022-W01-10,PAHO
BRAZIL,NA,NA,BRAZIL,BRA,37,BRA,NA,2021-03-14,2021-03-20,2021,35909,Total,Admin0,Week,WHOPAHO-ALL-20142022-W01-11,PAHO
BRAZIL,NA,NA,BRAZIL,BRA,37,BRA,NA,2021-03-21,2021-03-27,2021,34121,Total,Admin0,Week,WHOPAHO-ALL-20142022-W01-12,PAHO
BRAZIL,NA,NA,BRAZIL,BRA,37,BRA,NA,2021-03-28,2021-04-03,2021,39022,Total,Admin0,Week,WHOPAHO-ALL-20142022-W01-13,PAHO
BRAZIL,NA,NA,BRAZIL,BRA,37,BRA,NA,2021-04-04,2021-04-10,2021,44491,Total,Admin0,Week,WHOPAHO-ALL-20142022-W01-14,PAHO
BRAZIL,NA,NA,BRAZIL,BRA,37,BRA,NA,2021-04-11,2021-04-17,2021,41329,Total,Admin0,Week,WHOPAHO-ALL-20142022-W01-15,PAHO
BRAZIL,NA,NA,BRAZIL,BRA,37,BRA,NA,2021-04-18,2021-04-24,2021,42957,Total,Admin0,Week,WHOPAHO-ALL-20142022-W01-16,PAHO
BRAZIL,NA,NA,BRAZIL,BRA,37,BRA,NA,2021-04-25,2021-05-01,2021,40988,Total,Admin0,Week,WHOPAHO-ALL-20142022-W01-17,PAHO
BRAZIL,NA,NA,BRAZIL,BRA,37,BRA,NA,2021-05-02,2021-05-08,2021,38009,Total,Admin0,Week,WHOPAHO-ALL-20142022-W01-18,PAHO
BRAZIL,NA,NA,BRAZIL,BRA,37,BRA,NA,2021-05-09,2021-05-15,2021,36159,Total,Admin0,Week,WHOPAHO-ALL-20142022-W01-19,PAHO
BRAZIL,NA,NA,BRAZIL,BRA,37,BRA,NA,2021-05-16,2021-05-22,2021,31750,Total,Admin0,Week,WHOPAHO-ALL-20142022-W01-20,PAHO
BRAZIL,NA,NA,BRAZIL,BRA,37,BRA,NA,2021-05-23,2021-05-29,2021,27783,Total,Admin0,Week,WHOPAHO-ALL-20142022-W01-21,PAHO
BRAZIL,NA,NA,BRAZIL,BRA,37,BRA,NA,2021-05-30,2021-06-05,2021,26748,Total,Admin0,Week,WHOPAHO-ALL-20142022-W01-22,PAHO
BRAZIL,NA,NA,BRAZIL,BRA,37,BRA,NA,2021-06-06,2021-06-12,2021,24349,Total,Admin0,Week,WHOPAHO-ALL-20142022-W01-23,PAHO
BRAZIL,NA,NA,BRAZIL,BRA,37,BRA,NA,2021-06-13,2021-06-19,2021,20273,Total,Admin0,Week,WHOPAHO-ALL-20142022-W01-24,PAHO
BRAZIL,NA,NA,BRAZIL,BRA,37,BRA,NA,2021-06-20,2021-06-26,2021,17729,Total,Admin0,Week,WHOPAHO-ALL-20142022-W01-25,PAHO
BRAZIL,NA,NA,BRAZIL,BRA,37,BRA,NA,2021-06-27,2021-07-03,2021,15316,Total,Admin0,Week,WHOPAHO-ALL-20142022-W01-26,PAHO
BRAZIL,NA,NA,BRAZIL,BRA,37,BRA,NA,2021-07-04,2021-07-10,2021,14517,Total,Admin0,Week,WHOPAHO-ALL-20142022-W01-27,PAHO
BRAZIL,NA,NA,BRAZIL,BRA,37,BRA,NA,2021-07-11,2021-07-17,2021,13353,Total,Admin0,Week,WHOPAHO-ALL-20142022-W01-28,PAHO
BRAZIL,NA,NA,BRAZIL,BRA,37,BRA,NA,2021-07-18,2021-07-24,2021,11655,Total,Admin0,Week,WHOPAHO-ALL-20142022-W01-29,PAHO
BRAZIL,NA,NA,BRAZIL,BRA,37,BRA,NA,2021-07-25,2021-07-31,2021,9948,Total,Admin0,Week,WHOPAHO-ALL-20142022-W01-30,PAHO
BRAZIL,NA,NA,BRAZIL,BRA,37,BRA,NA,2021-08-01,2021-08-07,2021,10360,Total,Admin0,Week,WHOPAHO-ALL-20142022-W01-31,PAHO
BRAZIL,NA,NA,BRAZIL,BRA,37,BRA,NA,2021-08-08,2021-08-14,2021,9566,Total,Admin0,Week,WHOPAHO-ALL-20142022-W01-32,PAHO
BRAZIL,NA,NA,BRAZIL,BRA,37,BRA,NA,2021-08-15,2021-08-21,2021,9538,Total,Admin0,Week,WHOPAHO-ALL-20142022-W01-33,PAHO
BRAZIL,NA,NA,BRAZIL,BRA,37,BRA,NA,2021-08-22,2021-08-28,2021,8109,Total,Admin0,Week,WHOPAHO-ALL-20142022-W01-34,PAHO
BRAZIL,NA,NA,BRAZIL,BRA,37,BRA,NA,2021-08-29,2021-09-04,2021,7546,Total,Admin0,Week,WHOPAHO-ALL-20142022-W01-35,PAHO
BRAZIL,NA,NA,BRAZIL,BRA,37,BRA,NA,2021-09-05,2021-09-11,2021,8035,Total,Admin0,Week,WHOPAHO-ALL-20142022-W01-36,PAHO
BRAZIL,NA,NA,BRAZIL,BRA,37,BRA,NA,2021-09-12,2021-09-18,2021,7862,Total,Admin0,Week,WHOPAHO-ALL-20142022-W01-37,PAHO
BRAZIL,NA,NA,BRAZIL,BRA,37,BRA,NA,2021-09-19,2021-09-25,2021,7752,Total,Admin0,Week,WHOPAHO-ALL-20142022-W01-38,PAHO
BRAZIL,NA,NA,BRAZIL,BRA,37,BRA,NA,2021-09-26,2021-10-02,2021,7470,Total,Admin0,Week,WHOPAHO-ALL-20142022-W01-39,PAHO
BRAZIL,NA,NA,BRAZIL,BRA,37,BRA,NA,2021-10-03,2021-10-09,2021,6226,Total,Admin0,Week,WHOPAHO-ALL-20142022-W01-40,PAHO
BRAZIL,NA,NA,BRAZIL,BRA,37,BRA,NA,2021-10-10,2021-10-16,2021,6615,Total,Admin0,Week,WHOPAHO-ALL-20142022-W01-41,PAHO
BRAZIL,NA,NA,BRAZIL,BRA,37,BRA,NA,2021-10-17,2021-10-23,2021,6851,Total,Admin0,Week,WHOPAHO-ALL-20142022-W01-42,PAHO
BRAZIL,NA,NA,BRAZIL,BRA,37,BRA,NA,2021-10-24,2021-10-30,2021,6463,Total,Admin0,Week,WHOPAHO-ALL-20142022-W01-43,PAHO
BRAZIL,NA,NA,BRAZIL,BRA,37,BRA,NA,2021-10-31,2021-11-06,2021,7470,Total,Admin0,Week,WHOPAHO-ALL-20142022-W01-44,PAHO
BRAZIL,NA,NA,BRAZIL,BRA,37,BRA,NA,2021-11-07,2021-11-13,2021,7573,Total,Admin0,Week,WHOPAHO-ALL-20142022-W01-45,PAHO
BRAZIL,NA,NA,BRAZIL,BRA,37,BRA,NA,2021-11-14,2021-11-20,2021,9124,Total,Admin0,Week,WHOPAHO-ALL-20142022-W01-46,PAHO
BRAZIL,NA,NA,BRAZIL,BRA,37,BRA,NA,2021-11-21,2021-11-27,2021,10224,Total,Admin0,Week,WHOPAHO-ALL-20142022-W01-47,PAHO
BRAZIL,NA,NA,BRAZIL,BRA,37,BRA,NA,2021-11-28,2021-12-04,2021,11988,Total,Admin0,Week,WHOPAHO-ALL-20142022-W01-48,PAHO
BRAZIL,NA,NA,BRAZIL,BRA,37,BRA,NA,2021-12-05,2021-12-11,2021,13101,Total,Admin0,Week,WHOPAHO-ALL-20142022-W01-49,PAHO
BRAZIL,NA,NA,BRAZIL,BRA,37,BRA,NA,2021-12-12,2021-12-18,2021,11955,Total,Admin0,Week,WHOPAHO-ALL-20142022-W01-50,PAHO
BRAZIL,NA,NA,BRAZIL,BRA,37,BRA,NA,2021-12-19,2021-12-25,2021,7576,Total,Admin0,Week,WHOPAHO-ALL-20142022-W01-51,PAHO
BRAZIL,NA,NA,BRAZIL,BRA,37,BRA,NA,2018-09-16,2018-09-22,2018,4042,Total,Admin0,Week,WHOPAHO-ALL-20142022-W01-38,PAHO
BRAZIL,NA,NA,BRAZIL,BRA,37,BRA,NA,2018-09-23,2018-09-29,2018,4076,Total,Admin0,Week,WHOPAHO-ALL-20142022-W01-39,PAHO
BRAZIL,NA,NA,BRAZIL,BRA,37,BRA,NA,2018-09-30,2018-10-06,2018,4436,Total,Admin0,Week,WHOPAHO-ALL-20142022-W01-40,PAHO
BRAZIL,NA,NA,BRAZIL,BRA,37,BRA,NA,2018-10-07,2018-10-13,2018,4342,Total,Admin0,Week,WHOPAHO-ALL-20142022-W01-41,PAHO
BRAZIL,NA,NA,BRAZIL,BRA,37,BRA,NA,2022-01-23,2022-01-29,2022,24592,Total,Admin0,Week,WHOPAHO-ALL-20222024-W02-04,PAHO
BRAZIL,NA,NA,BRAZIL,BRA,37,BRA,NA,2022-01-30,2022-02-05,2022,28695,Total,Admin0,Week,WHOPAHO-ALL-20222024-W02-05,PAHO
BRAZIL,NA,NA,BRAZIL,BRA,37,BRA,NA,2022-02-06,2022-02-12,2022,31006,Total,Admin0,Week,WHOPAHO-ALL-20222024-W02-06,PAHO
BRAZIL,NA,NA,BRAZIL,BRA,37,BRA,NA,2022-02-13,2022-02-19,2022,33534,Total,Admin0,Week,WHOPAHO-ALL-20222024-W02-07,PAHO
BRAZIL,NA,NA,BRAZIL,BRA,37,BRA,NA,2022-02-20,2022-02-26,2022,33993,Total,Admin0,Week,WHOPAHO-ALL-20222024-W02-08,PAHO
BRAZIL,NA,NA,BRAZIL,BRA,37,BRA,NA,2022-02-27,2022-03-05,2022,50089,Total,Admin0,Week,WHOPAHO-ALL-20222024-W02-09,PAHO
BRAZIL,NA,NA,BRAZIL,BRA,37,BRA,NA,2022-03-06,2022-03-12,2022,65071,Total,Admin0,Week,WHOPAHO-ALL-20222024-W02-10,PAHO
BRAZIL,NA,NA,BRAZIL,BRA,37,BRA,NA,2022-03-13,2022-03-19,2022,79634,Total,Admin0,Week,WHOPAHO-ALL-20222024-W02-11,PAHO
BRAZIL,NA,NA,BRAZIL,BRA,37,BRA,NA,2022-03-20,2022-03-26,2022,100950,Total,Admin0,Week,WHOPAHO-ALL-20222024-W02-12,PAHO
BRAZIL,NA,NA,BRAZIL,BRA,37,BRA,NA,2022-03-27,2022-04-02,2022,113359,Total,Admin0,Week,WHOPAHO-ALL-20222024-W02-13,PAHO
BRAZIL,NA,NA,BRAZIL,BRA,37,BRA,NA,2022-04-03,2022-04-09,2022,122981,Total,Admin0,Week,WHOPAHO-ALL-20222024-W02-14,PAHO
BRAZIL,NA,NA,BRAZIL,BRA,37,BRA,NA,2022-04-10,2022-04-16,2022,130956,Total,Admin0,Week,WHOPAHO-ALL-20222024-W02-15,PAHO
BRAZIL,NA,NA,BRAZIL,BRA,37,BRA,NA,2015-11-08,2015-11-14,2015,11636,Probable,Admin0,Week,MOH-BRA-2015-Y01-14,PAHO
BRAZIL,NA,NA,BRAZIL,BRA,37,BRA,NA,2015-11-15,2015-11-21,2015,13347,Probable,Admin0,Week,MOH-BRA-2015-Y01-14,PAHO
BRAZIL,NA,NA,BRAZIL,BRA,37,BRA,NA,2015-11-22,2015-11-28,2015,14382,Probable,Admin0,Week,MOH-BRA-2015-Y01-14,PAHO
BRAZIL,NA,NA,BRAZIL,BRA,37,BRA,NA,2015-11-29,2015-12-05,2015,18723,Probable,Admin0,Week,MOH-BRA-2015-Y01-14,PAHO
BRAZIL,NA,NA,BRAZIL,BRA,37,BRA,NA,2015-12-06,2015-12-12,2015,21570,Probable,Admin0,Week,MOH-BRA-2015-Y01-14,PAHO
BRAZIL,NA,NA,BRAZIL,BRA,37,BRA,NA,2015-03-08,2015-03-14,2015,91632,Probable,Admin0,Week,MOH-BRA-2015-Y01-14,PAHO
BRAZIL,NA,NA,BRAZIL,BRA,37,BRA,NA,2015-03-15,2015-03-21,2015,100447,Probable,Admin0,Week,MOH-BRA-2015-Y01-14,PAHO
BRAZIL,NA,NA,BRAZIL,BRA,37,BRA,NA,2015-03-22,2015-03-28,2015,92318,Probable,Admin0,Week,MOH-BRA-2015-Y01-14,PAHO
BRAZIL,NA,NA,BRAZIL,BRA,37,BRA,NA,2015-03-29,2015-04-04,2015,87022,Probable,Admin0,Week,MOH-BRA-2015-Y01-14,PAHO
BRAZIL,NA,NA,BRAZIL,BRA,37,BRA,NA,2015-04-05,2015-04-11,2015,103082,Probable,Admin0,Week,MOH-BRA-2015-Y01-14,PAHO
BRAZIL,NA,NA,BRAZIL,BRA,37,BRA,NA,2015-04-12,2015-04-18,2015,94220,Probable,Admin0,Week,MOH-BRA-2015-Y01-14,PAHO
BRAZIL,NA,NA,BRAZIL,BRA,37,BRA,NA,2015-04-19,2015-04-25,2015,93167,Probable,Admin0,Week,MOH-BRA-2015-Y01-14,PAHO
BRAZIL,NA,NA,BRAZIL,BRA,37,BRA,NA,2015-04-26,2015-05-02,2015,90847,Probable,Admin0,Week,MOH-BRA-2015-Y01-14,PAHO
BRAZIL,NA,NA,BRAZIL,BRA,37,BRA,NA,2015-05-03,2015-05-09,2015,79733,Probable,Admin0,Week,MOH-BRA-2015-Y01-14,PAHO
BRAZIL,NA,NA,BRAZIL,BRA,37,BRA,NA,2015-05-10,2015-05-16,2015,64716,Probable,Admin0,Week,MOH-BRA-2015-Y01-14,PAHO
BRAZIL,NA,NA,BRAZIL,BRA,37,BRA,NA,2015-05-17,2015-05-23,2015,51213,Probable,Admin0,Week,MOH-BRA-2015-Y01-14,PAHO
BRAZIL,NA,NA,BRAZIL,BRA,37,BRA,NA,2015-05-24,2015-05-30,2015,39502,Probable,Admin0,Week,MOH-BRA-2015-Y01-14,PAHO
BRAZIL,NA,NA,BRAZIL,BRA,37,BRA,NA,2015-05-31,2015-06-06,2015,31193,Probable,Admin0,Week,MOH-BRA-2015-Y01-14,PAHO
BRAZIL,NA,NA,BRAZIL,BRA,37,BRA,NA,2015-06-07,2015-06-13,2015,27220,Probable,Admin0,Week,MOH-BRA-2015-Y01-14,PAHO
BRAZIL,NA,NA,BRAZIL,BRA,37,BRA,NA,2015-06-14,2015-06-20,2015,22849,Probable,Admin0,Week,MOH-BRA-2015-Y01-14,PAHO
BRAZIL,NA,NA,BRAZIL,BRA,37,BRA,NA,2015-06-21,2015-06-27,2015,15825,Probable,Admin0,Week,MOH-BRA-2015-Y01-14,PAHO
BRAZIL,NA,NA,BRAZIL,BRA,37,BRA,NA,2015-06-28,2015-07-04,2015,12489,Probable,Admin0,Week,MOH-BRA-2015-Y01-14,PAHO
BRAZIL,NA,NA,BRAZIL,BRA,37,BRA,NA,2015-07-05,2015-07-11,2015,10389,Probable,Admin0,Week,MOH-BRA-2015-Y01-14,PAHO
BRAZIL,NA,NA,BRAZIL,BRA,37,BRA,NA,2015-07-12,2015-07-18,2015,9142,Probable,Admin0,Week,MOH-BRA-2015-Y01-14,PAHO
BRAZIL,NA,NA,BRAZIL,BRA,37,BRA,NA,2015-07-19,2015-07-25,2015,8609,Probable,Admin0,Week,MOH-BRA-2015-Y01-14,PAHO
BRAZIL,NA,NA,BRAZIL,BRA,37,BRA,NA,2015-07-26,2015-08-01,2015,7301,Probable,Admin0,Week,MOH-BRA-2015-Y01-14,PAHO
BRAZIL,NA,NA,BRAZIL,BRA,37,BRA,NA,2015-08-02,2015-08-08,2015,6732,Probable,Admin0,Week,MOH-BRA-2015-Y01-14,PAHO
BRAZIL,NA,NA,BRAZIL,BRA,37,BRA,NA,2015-08-09,2015-08-15,2015,6612,Probable,Admin0,Week,MOH-BRA-2015-Y01-14,PAHO
BRAZIL,NA,NA,BRAZIL,BRA,37,BRA,NA,2015-08-16,2015-08-22,2015,5776,Probable,Admin0,Week,MOH-BRA-2015-Y01-14,PAHO
BRAZIL,NA,NA,BRAZIL,BRA,37,BRA,NA,2015-08-23,2015-08-29,2015,5053,Probable,Admin0,Week,MOH-BRA-2015-Y01-14,PAHO
BRAZIL,NA,NA,BRAZIL,BRA,37,BRA,NA,2015-08-30,2015-09-05,2015,5162,Probable,Admin0,Week,MOH-BRA-2015-Y01-14,PAHO
BRAZIL,NA,NA,BRAZIL,BRA,37,BRA,NA,2015-09-06,2015-09-12,2015,5311,Probable,Admin0,Week,MOH-BRA-2015-Y01-14,PAHO
BRAZIL,NA,NA,BRAZIL,BRA,37,BRA,NA,2015-09-13,2015-09-19,2015,5397,Probable,Admin0,Week,MOH-BRA-2015-Y01-14,PAHO
BRAZIL,NA,NA,BRAZIL,BRA,37,BRA,NA,2015-09-20,2015-09-26,2015,5185,Probable,Admin0,Week,MOH-BRA-2015-Y01-14,PAHO
BRAZIL,NA,NA,BRAZIL,BRA,37,BRA,NA,2015-09-27,2015-10-03,2015,5492,Probable,Admin0,Week,MOH-BRA-2015-Y01-14,PAHO
BRAZIL,NA,NA,BRAZIL,BRA,37,BRA,NA,2015-10-04,2015-10-10,2015,5532,Probable,Admin0,Week,MOH-BRA-2015-Y01-14,PAHO
BRAZIL,NA,NA,BRAZIL,BRA,37,BRA,NA,2015-10-11,2015-10-17,2015,5603,Probable,Admin0,Week,MOH-BRA-2015-Y01-14,PAHO
BRAZIL,NA,NA,BRAZIL,BRA,37,BRA,NA,2015-10-18,2015-10-24,2015,6365,Probable,Admin0,Week,MOH-BRA-2015-Y01-14,PAHO
BRAZIL,NA,NA,BRAZIL,BRA,37,BRA,NA,2015-10-25,2015-10-31,2015,6847,Probable,Admin0,Week,MOH-BRA-2015-Y01-14,PAHO
BRAZIL,NA,NA,BRAZIL,BRA,37,BRA,NA,2015-11-01,2015-11-07,2015,9246,Probable,Admin0,Week,MOH-BRA-2015-Y01-14,PAHO
BRAZIL,NA,NA,BRAZIL,BRA,37,BRA,NA,2023-10-08,2023-10-14,2023,17341,Total,Admin0,Week,WHOPAHO-ALL-20222024-W02-41,PAHO
BRAZIL,NA,NA,BRAZIL,BRA,37,BRA,NA,2023-10-15,2023-10-21,2023,21013,Total,Admin0,Week,WHOPAHO-ALL-20222024-W02-42,PAHO
BRAZIL,NA,NA,BRAZIL,BRA,37,BRA,NA,2023-10-22,2023-10-28,2023,19662,Total,Admin0,Week,WHOPAHO-ALL-20222024-W02-43,PAHO
BRAZIL,NA,NA,BRAZIL,BRA,37,BRA,NA,2023-10-29,2023-11-04,2023,18785,Total,Admin0,Week,WHOPAHO-ALL-20222024-W02-44,PAHO
BRAZIL,NA,NA,BRAZIL,BRA,37,BRA,NA,2023-11-05,2023-11-11,2023,24393,Total,Admin0,Week,WHOPAHO-ALL-20222024-W02-45,PAHO
BRAZIL,NA,NA,BRAZIL,BRA,37,BRA,NA,2015-12-13,2015-12-19,2015,21355,Probable,Admin0,Week,MOH-BRA-2015-Y01-14,PAHO
BRAZIL,NA,NA,BRAZIL,BRA,37,BRA,NA,2015-12-20,2015-12-26,2015,18293,Probable,Admin0,Week,MOH-BRA-2015-Y01-14,PAHO
BRAZIL,NA,NA,BRAZIL,BRA,37,BRA,NA,2015-12-27,2016-01-02,2015,12494,Probable,Admin0,Week,MOH-BRA-2015-Y01-14,PAHO
BRAZIL,NA,NA,BRAZIL,BRA,37,BRA,NA,2016-01-03,2016-01-09,2016,72350,Total,Admin0,Week,WHOPAHO-ALL-20142022-W01-01,PAHO
BRAZIL,NA,NA,BRAZIL,BRA,37,BRA,NA,2016-01-10,2016-01-16,2016,79969,Total,Admin0,Week,WHOPAHO-ALL-20142022-W01-02,PAHO
BRAZIL,NA,NA,BRAZIL,BRA,37,BRA,NA,2016-01-17,2016-01-23,2016,88997,Total,Admin0,Week,WHOPAHO-ALL-20142022-W01-03,PAHO
BRAZIL,NA,NA,BRAZIL,BRA,37,BRA,NA,2016-01-24,2016-01-30,2016,96367,Total,Admin0,Week,WHOPAHO-ALL-20142022-W01-04,PAHO
BRAZIL,NA,NA,BRAZIL,BRA,37,BRA,NA,2016-01-31,2016-02-06,2016,106803,Total,Admin0,Week,WHOPAHO-ALL-20142022-W01-05,PAHO
BRAZIL,NA,NA,BRAZIL,BRA,37,BRA,NA,2016-02-07,2016-02-13,2016,124867,Total,Admin0,Week,WHOPAHO-ALL-20142022-W01-06,PAHO
BRAZIL,NA,NA,BRAZIL,BRA,37,BRA,NA,2016-02-14,2016-02-20,2016,146906,Total,Admin0,Week,WHOPAHO-ALL-20142022-W01-07,PAHO
BRAZIL,NA,NA,BRAZIL,BRA,37,BRA,NA,2016-02-21,2016-02-27,2016,144865,Total,Admin0,Week,WHOPAHO-ALL-20142022-W01-08,PAHO
BRAZIL,NA,NA,BRAZIL,BRA,37,BRA,NA,2016-02-28,2016-03-05,2016,140065,Total,Admin0,Week,WHOPAHO-ALL-20142022-W01-09,PAHO
BRAZIL,NA,NA,BRAZIL,BRA,37,BRA,NA,2016-03-06,2016-03-12,2016,131088,Total,Admin0,Week,WHOPAHO-ALL-20142022-W01-10,PAHO
BRAZIL,NA,NA,BRAZIL,BRA,37,BRA,NA,2016-03-13,2016-03-19,2016,123335,Total,Admin0,Week,WHOPAHO-ALL-20142022-W01-11,PAHO
BRAZIL,NA,NA,BRAZIL,BRA,37,BRA,NA,2016-03-20,2016-03-26,2016,111645,Total,Admin0,Week,WHOPAHO-ALL-20142022-W01-12,PAHO
BRAZIL,NA,NA,BRAZIL,BRA,37,BRA,NA,2016-03-27,2016-04-02,2016,121040,Total,Admin0,Week,WHOPAHO-ALL-20142022-W01-13,PAHO
BRAZIL,NA,NA,BRAZIL,BRA,37,BRA,NA,2016-04-03,2016-04-09,2016,114628,Total,Admin0,Week,WHOPAHO-ALL-20142022-W01-14,PAHO
BRAZIL,NA,NA,BRAZIL,BRA,37,BRA,NA,2016-04-10,2016-04-16,2016,101246,Total,Admin0,Week,WHOPAHO-ALL-20142022-W01-15,PAHO
BRAZIL,NA,NA,BRAZIL,BRA,37,BRA,NA,2016-04-17,2016-04-23,2016,80600,Total,Admin0,Week,WHOPAHO-ALL-20142022-W01-16,PAHO
BRAZIL,NA,NA,BRAZIL,BRA,37,BRA,NA,2016-04-24,2016-04-30,2016,65947,Total,Admin0,Week,WHOPAHO-ALL-20142022-W01-17,PAHO
BRAZIL,NA,NA,BRAZIL,BRA,37,BRA,NA,2021-12-26,2022-01-01,2021,2331,Total,Admin0,Week,WHOPAHO-ALL-20142022-W01-52,PAHO
BRAZIL,NA,NA,BRAZIL,BRA,37,BRA,NA,2022-01-02,2022-01-08,2022,23775,Total,Admin0,Week,WHOPAHO-ALL-20222024-W02-01,PAHO
BRAZIL,NA,NA,BRAZIL,BRA,37,BRA,NA,2022-01-09,2022-01-15,2022,24356,Total,Admin0,Week,WHOPAHO-ALL-20222024-W02-02,PAHO
BRAZIL,NA,NA,BRAZIL,BRA,37,BRA,NA,2022-01-16,2022-01-22,2022,25555,Total,Admin0,Week,WHOPAHO-ALL-20222024-W02-03,PAHO
BRAZIL,NA,NA,BRAZIL,BRA,37,BRA,NA,2016-05-29,2016-06-04,2016,18741,Total,Admin0,Week,WHOPAHO-ALL-20142022-W01-22,PAHO
BRAZIL,NA,NA,BRAZIL,BRA,37,BRA,NA,2016-06-05,2016-06-11,2016,15270,Total,Admin0,Week,WHOPAHO-ALL-20142022-W01-23,PAHO
BRAZIL,NA,NA,BRAZIL,BRA,37,BRA,NA,2016-06-12,2016-06-18,2016,13162,Total,Admin0,Week,WHOPAHO-ALL-20142022-W01-24,PAHO
BRAZIL,NA,NA,BRAZIL,BRA,37,BRA,NA,2016-06-19,2016-06-25,2016,10722,Total,Admin0,Week,WHOPAHO-ALL-20142022-W01-25,PAHO
BRAZIL,NA,NA,BRAZIL,BRA,37,BRA,NA,2016-06-26,2016-07-02,2016,9545,Total,Admin0,Week,WHOPAHO-ALL-20142022-W01-26,PAHO
BRAZIL,NA,NA,BRAZIL,BRA,37,BRA,NA,2016-07-03,2016-07-09,2016,8518,Total,Admin0,Week,WHOPAHO-ALL-20142022-W01-27,PAHO
BRAZIL,NA,NA,BRAZIL,BRA,37,BRA,NA,2016-07-10,2016-07-16,2016,7703,Total,Admin0,Week,WHOPAHO-ALL-20142022-W01-28,PAHO
BRAZIL,NA,NA,BRAZIL,BRA,37,BRA,NA,2016-07-17,2016-07-23,2016,6634,Total,Admin0,Week,WHOPAHO-ALL-20142022-W01-29,PAHO
BRAZIL,NA,NA,BRAZIL,BRA,37,BRA,NA,2023-09-17,2023-09-23,2023,18790,Total,Admin0,Week,WHOPAHO-ALL-20222024-W02-38,PAHO
BRAZIL,NA,NA,BRAZIL,BRA,37,BRA,NA,2023-09-24,2023-09-30,2023,17681,Total,Admin0,Week,WHOPAHO-ALL-20222024-W02-39,PAHO
BRAZIL,NA,NA,BRAZIL,BRA,37,BRA,NA,2023-10-01,2023-10-07,2023,19313,Total,Admin0,Week,WHOPAHO-ALL-20222024-W02-40,PAHO
BRAZIL,NA,NA,BRAZIL,BRA,37,BRA,NA,2024-01-01,2024-12-31,2024,10267077,Total,Admin0,Year,WHOPAHO-ALL-19802024-Y03-01,PAHO
BRAZIL,NA,NA,BRAZIL,BRA,37,BRA,NA,2016-05-01,2016-05-07,2016,51531,Total,Admin0,Week,WHOPAHO-ALL-20142022-W01-18,PAHO
BRAZIL,NA,NA,BRAZIL,BRA,37,BRA,NA,2023-07-16,2023-07-22,2023,20558,Total,Admin0,Week,WHOPAHO-ALL-20222024-W02-29,PAHO
BRAZIL,NA,NA,BRAZIL,BRA,37,BRA,NA,2023-07-23,2023-07-29,2023,18393,Total,Admin0,Week,WHOPAHO-ALL-20222024-W02-30,PAHO
BRAZIL,NA,NA,BRAZIL,BRA,37,BRA,NA,2023-07-30,2023-08-05,2023,19179,Total,Admin0,Week,WHOPAHO-ALL-20222024-W02-31,PAHO
BRAZIL,NA,NA,BRAZIL,BRA,37,BRA,NA,2023-11-12,2023-11-18,2023,22124,Total,Admin0,Week,WHOPAHO-ALL-20222024-W02-46,PAHO
BRAZIL,NA,NA,BRAZIL,BRA,37,BRA,NA,2023-11-19,2023-11-25,2023,27767,Total,Admin0,Week,WHOPAHO-ALL-20222024-W02-47,PAHO
BRAZIL,NA,NA,BRAZIL,BRA,37,BRA,NA,2023-11-26,2023-12-02,2023,30045,Total,Admin0,Week,WHOPAHO-ALL-20222024-W02-48,PAHO
BRAZIL,NA,NA,BRAZIL,BRA,37,BRA,NA,2023-12-03,2023-12-09,2023,33247,Total,Admin0,Week,WHOPAHO-ALL-20222024-W02-49,PAHO
BRAZIL,NA,NA,BRAZIL,BRA,37,BRA,NA,2023-12-10,2023-12-16,2023,40789,Total,Admin0,Week,WHOPAHO-ALL-20222024-W02-50,PAHO
BRAZIL,NA,NA,BRAZIL,BRA,37,BRA,NA,2023-12-17,2023-12-23,2023,38305,Total,Admin0,Week,WHOPAHO-ALL-20222024-W02-51,PAHO
BRAZIL,NA,NA,BRAZIL,BRA,37,BRA,NA,2023-12-24,2023-12-30,2023,2146,Total,Admin0,Week,WHOPAHO-ALL-20222024-W02-52,PAHO
BRAZIL,NA,NA,BRAZIL,BRA,37,BRA,NA,2023-12-31,2024-01-06,2023,82978,Total,Admin0,Week,WHOPAHO-ALL-20222024-W02-01,PAHO
BRAZIL,NA,NA,BRAZIL,BRA,37,BRA,NA,2016-05-15,2016-05-21,2016,31719,Total,Admin0,Week,WHOPAHO-ALL-20142022-W01-20,PAHO
BRAZIL,NA,NA,BRAZIL,BRA,37,BRA,NA,2023-08-06,2023-08-12,2023,17728,Total,Admin0,Week,WHOPAHO-ALL-20222024-W02-32,PAHO
BRAZIL,NA,NA,BRAZIL,BRA,37,BRA,NA,2023-08-13,2023-08-19,2023,17804,Total,Admin0,Week,WHOPAHO-ALL-20222024-W02-33,PAHO
BRAZIL,NA,NA,BRAZIL,BRA,37,BRA,NA,2016-05-08,2016-05-14,2016,39976,Total,Admin0,Week,WHOPAHO-ALL-20142022-W01-19,PAHO
BRAZIL,NA,NA,BRAZIL,BRA,37,BRA,NA,2023-08-27,2023-09-02,2023,15933,Total,Admin0,Week,WHOPAHO-ALL-20222024-W02-35,PAHO
BRAZIL,NA,NA,BRAZIL,BRA,37,BRA,NA,2023-09-03,2023-09-09,2023,14827,Total,Admin0,Week,WHOPAHO-ALL-20222024-W02-36,PAHO
BRAZIL,NA,NA,BRAZIL,BRA,37,BRA,NA,2023-09-10,2023-09-16,2023,17637,Total,Admin0,Week,WHOPAHO-ALL-20222024-W02-37,PAHO
BRAZIL,NA,NA,BRAZIL,BRA,37,BRA,NA,2023-08-20,2023-08-26,2023,17132,Total,Admin0,Week,WHOPAHO-ALL-20222024-W02-34,PAHO
BRAZIL,NA,NA,BRAZIL,BRA,37,BRA,NA,2016-05-22,2016-05-28,2016,22184,Total,Admin0,Week,WHOPAHO-ALL-20142022-W01-21,PAHO